{
	"info": {
		"_postman_id": "4dae3257-3f17-440d-8219-fbfbc41abbba",
		"name": "Solr Search",
		"schema": "https://schema.getpostman.com/json/collection/v2.1.0/collection.json"
	},
	"item": [
		{
			"name": "Login for JwtToken",
			"event": [
				{
					"listen": "prerequest",
					"script": {
						"id": "c0f062e1-3db0-495e-980c-45f8ac7845e6",
						"exec": [
							"\r",
							""
						],
						"type": "text/javascript"
					}
				},
				{
					"listen": "test",
					"script": {
						"id": "3569f47f-d0b8-402c-840c-f8baa80bb67d",
						"exec": [
							"\r",
							"pm.test('Gettoken', function () {\r",
							"  pm.response.to.have.status(200);\r",
							"  pm.expect(pm.response).to.have.property('code', 200);\r",
							"  pm.expect(pm.response).to.have.property('status', 'OK');\r",
							"  pm.environment.set(\"JWTToken\", pm.response.json().authJwtToken);\r",
							"  console.log(pm.environment.get(\"JWTToken\"));\r",
							"});"
						],
						"type": "text/javascript"
					}
				}
			],
			"request": {
				"method": "POST",
				"header": [
					{
						"key": "Content-Type",
						"name": "Content-Type",
						"value": "application/json",
						"type": "text"
					}
				],
				"body": {
					"mode": "raw",
					"raw": "{\r\n\"userKey\": \"sowmya@techdata.com\",\r\n\"password\": \"Streamonetng@14july\"\r\n}",
					"options": {
						"raw": {
							"language": "json"
						}
					}
				},
				"url": {
					"raw": "{{DomainAuthentication}}/api/Authentication/customauthenticate",
					"host": [
						"{{DomainAuthentication}}"
					],
					"path": [
						"api",
						"Authentication",
						"customauthenticate"
					]
				},
				"description": "Login for to get JwtToken."
			},
			"response": []
		},
		{
			"name": "My Product Search",
			"protocolProfileBehavior": {
				"disableBodyPruning": true
			},
			"request": {
				"auth": {
					"type": "digest",
					"digest": [
						{
							"key": "realm",
							"value": "https://amer-east-dev-tng-wave1-features.s1nextgen.com/",
							"type": "string"
						},
						{
							"key": "username",
							"value": "sowmya@techdata.com",
							"type": "string"
						},
						{
							"key": "password",
							"value": "Streamonetng@14july",
							"type": "string"
						},
						{
							"key": "algorithm",
							"value": "MD5",
							"type": "string"
						}
					]
				},
				"method": "GET",
				"header": [
					{
						"key": "content-type",
						"value": " application/json; charset=UTF-8",
						"type": "text"
					},
					{
						"key": "sec-fetch-mode",
						"value": " cors",
						"type": "text"
					},
					{
						"key": "sec-fetch-site",
						"value": " same-site",
						"type": "text"
					},
					{
						"key": "tngcustomlogin",
						"value": " yes",
						"type": "text"
					},
					{
						"warning": "Value contains invalid newline characters.",
						"key": "tngjwttoken",
						"value": "{{JWTToken}}",
						"type": "text"
					}
				],
				"body": {
					"mode": "raw",
					"raw": "",
					"options": {
						"raw": {
							"language": "json"
						}
					}
				},
				"url": {
					"raw": "{{Domain Address}}/api/Product/GetMyProductsWithProgramByProfile/201/1/10/test",
					"host": [
						"{{Domain Address}}"
					],
					"path": [
						"api",
						"Product",
						"GetMyProductsWithProgramByProfile",
						"201",
						"1",
						"10",
						"test"
					]
				},
				"description": "Solr My Product search end point"
			},
			"response": []
		},
		{
			"name": "Shared Products -  Without Search Text",
			"request": {
				"method": "GET",
				"header": [
					{
						"key": "content-type",
						"value": "application/json; charset=UTF-8"
					},
					{
						"key": "sec-fetch-mode",
						"value": "cors"
					},
					{
						"key": "sec-fetch-site",
						"value": "same-site"
					},
					{
						"key": "tngcustomlogin",
						"value": "yes"
					},
					{
						"key": "tngjwttoken",
						"value": "{{JWTToken}}"
					}
				],
				"url": {
					"raw": "{{Domain Address}}/api/Product/GetSharedProductsWithProgramByProfilePagination/201/1/12/1/Name/asc",
					"host": [
						"{{Domain Address}}"
					],
					"path": [
						"api",
						"Product",
						"GetSharedProductsWithProgramByProfilePagination",
						"201",
						"1",
						"12",
						"1",
						"Name",
						"asc"
					]
				},
				"description": "Shared Programs WithOut Search Text"
			},
			"response": []
		},
		{
			"name": "MyPrograms - With Search Text",
			"request": {
				"method": "GET",
				"header": [
					{
						"key": "content-type",
						"value": "application/json; charset=UTF-8"
					},
					{
						"key": "sec-fetch-mode",
						"value": "cors"
					},
					{
						"key": "sec-fetch-site",
						"value": "same-site"
					},
					{
						"key": "tngcustomlogin",
						"value": "yes"
					},
					{
						"key": "tngjwttoken",
						"value": "{{JWTToken}}"
					}
				],
				"url": {
					"raw": "{{Domain Address}}/api/Product/GetMyProgramsWithPagination/201/1/10/3/Name/desc/microsoft",
					"host": [
						"{{Domain Address}}"
					],
					"path": [
						"api",
						"Product",
						"GetMyProgramsWithPagination",
						"201",
						"1",
						"10",
						"3",
						"Name",
						"desc",
						"microsoft"
					]
				},
				"description": "My Programs With Search Text and Pagination"
			},
			"response": []
		},
		{
			"name": "My Programs - Without Search Text",
			"request": {
				"method": "GET",
				"header": [
					{
						"key": "content-type",
						"value": "application/json; charset=UTF-8"
					},
					{
						"key": "sec-fetch-mode",
						"value": "cors"
					},
					{
						"key": "sec-fetch-site",
						"value": "same-site"
					},
					{
						"key": "tngcustomlogin",
						"value": "yes"
					},
					{
						"key": "tngjwttoken",
						"value": "{{JWTToken}}"
					}
				],
				"url": {
					"raw": "{{Domain Address}}/api/Product/GetMyProgramsWithPagination/201/1/10/3/Name/desc",
					"host": [
						"{{Domain Address}}"
					],
					"path": [
						"api",
						"Product",
						"GetMyProgramsWithPagination",
						"201",
						"1",
						"10",
						"3",
						"Name",
						"desc"
					]
				},
				"description": "MyPrograms WithOut Search Text"
			},
			"response": []
		},
		{
			"name": "Shared Programs - Without Search Text",
			"request": {
				"method": "GET",
				"header": [
					{
						"key": "content-type",
						"value": "application/json; charset=UTF-8"
					},
					{
						"key": "sec-fetch-mode",
						"value": "cors"
					},
					{
						"key": "sec-fetch-site",
						"value": "same-site"
					},
					{
						"key": "tngcustomlogin",
						"value": "yes"
					},
					{
						"key": "tngjwttoken",
						"value": "{{JWTToken}}"
					}
				],
				"url": {
					"raw": "{{Domain Address}}/api/Product/GetSharedProgramsWithPagination/201/1/10/1/Name/asc",
					"host": [
						"{{Domain Address}}"
					],
					"path": [
						"api",
						"Product",
						"GetSharedProgramsWithPagination",
						"201",
						"1",
						"10",
						"1",
						"Name",
						"asc"
					]
				},
				"description": "SharedPrograms WithOut Search Text"
			},
			"response": []
		},
		{
			"name": "Shared Products - With Search Text",
			"request": {
				"method": "GET",
				"header": [
					{
						"key": "content-type",
						"value": "application/json; charset=UTF-8"
					},
					{
						"key": "sec-fetch-mode",
						"value": "cors"
					},
					{
						"key": "sec-fetch-site",
						"value": "same-site"
					},
					{
						"key": "tngcustomlogin",
						"value": "yes"
					},
					{
						"key": "tngjwttoken",
						"value": "{{JWTToken}}"
					}
				],
				"url": {
					"raw": "{{Domain Address}}/api/Product/GetSharedProductsWithProgramByProfilePagination/201/1/12/1/Name/asc/microsoft",
					"host": [
						"{{Domain Address}}"
					],
					"path": [
						"api",
						"Product",
						"GetSharedProductsWithProgramByProfilePagination",
						"201",
						"1",
						"12",
						"1",
						"Name",
						"asc",
						"microsoft"
					]
				},
				"description": "SharedProducts With Search Text"
			},
			"response": []
		},
		{
			"name": "My Products - With Search Text",
			"request": {
				"method": "GET",
				"header": [
					{
						"key": "content-type",
						"value": "application/json; charset=UTF-8"
					},
					{
						"key": "sec-fetch-mode",
						"value": "cors"
					},
					{
						"key": "sec-fetch-site",
						"value": "same-site"
					},
					{
						"key": "tngcustomlogin",
						"value": "yes"
					},
					{
						"key": "tngjwttoken",
						"value": "{{JWTToken}}"
					}
				],
				"url": {
					"raw": "{{Domain Address}}/api/Product/GetMyProductsWithProgramByProfilePagination/201/1/10/1/Name/asc/microsoft",
					"host": [
						"{{Domain Address}}"
					],
					"path": [
						"api",
						"Product",
						"GetMyProductsWithProgramByProfilePagination",
						"201",
						"1",
						"10",
						"1",
						"Name",
						"asc",
						"microsoft"
					]
				},
				"description": "MyProducts With Search Text"
			},
			"response": []
		},
		{
			"name": "Shared Programs - With Search Text",
			"request": {
				"method": "GET",
				"header": [
					{
						"key": "content-type",
						"value": "application/json; charset=UTF-8"
					},
					{
						"key": "sec-fetch-mode",
						"value": "cors"
					},
					{
						"key": "sec-fetch-site",
						"value": "same-site"
					},
					{
						"key": "tngcustomlogin",
						"value": "yes"
					},
					{
						"key": "tngjwttoken",
						"value": "{{JWTToken}}"
					}
				],
				"url": {
					"raw": "{{Domain Address}}/api/Product/GetSharedProgramsWithPagination/201/2/10/2/Name/asc/microsoft",
					"host": [
						"{{Domain Address}}"
					],
					"path": [
						"api",
						"Product",
						"GetSharedProgramsWithPagination",
						"201",
						"2",
						"10",
						"2",
						"Name",
						"asc",
						"microsoft"
					]
				},
				"description": "SharedPrograms With Search Text"
			},
			"response": []
		},
		{
			"name": "My Products - Without Search Text",
			"request": {
				"method": "GET",
				"header": [
					{
						"key": "content-type",
						"value": "application/json; charset=UTF-8"
					},
					{
						"key": "sec-fetch-mode",
						"value": "cors"
					},
					{
						"key": "sec-fetch-site",
						"value": "same-site"
					},
					{
						"key": "tngcustomlogin",
						"value": "yes"
					},
					{
						"key": "tngjwttoken",
						"value": "{{JWTToken}}"
					}
				],
				"url": {
					"raw": "{{Domain Address}}/api/Product/GetMyProductsWithProgramByProfilePagination/201/1/10/1/Name/asc",
					"host": [
						"{{Domain Address}}"
					],
					"path": [
						"api",
						"Product",
						"GetMyProductsWithProgramByProfilePagination",
						"201",
						"1",
						"10",
						"1",
						"Name",
						"asc"
					]
				},
				"description": "My Products WithOut Search Text"
			},
			"response": []
		},
		{
			"name": "Shared Product search",
			"protocolProfileBehavior": {
				"disableBodyPruning": true
			},
			"request": {
				"method": "GET",
				"header": [
					{
						"key": "content-type",
						"value": " application/json; charset=UTF-8",
						"type": "text"
					},
					{
						"key": "sec-fetch-mode",
						"value": " cors",
						"type": "text"
					},
					{
						"key": "sec-fetch-site",
						"value": " same-site",
						"type": "text"
					},
					{
						"key": "tngcustomlogin",
						"value": " yes",
						"type": "text"
					},
					{
						"key": "tngjwttoken",
						"value": "{{JWTToken}}",
						"type": "text"
					}
				],
				"body": {
					"mode": "raw",
					"raw": "",
					"options": {
						"raw": {
							"language": "json"
						}
					}
				},
				"url": {
					"raw": "{{Domain Address}}/api/Product/GetSharedProductsWithProgramByProfile/201/1/10/test",
					"host": [
						"{{Domain Address}}"
					],
					"path": [
						"api",
						"Product",
						"GetSharedProductsWithProgramByProfile",
						"201",
						"1",
						"10",
						"test"
					]
				},
				"description": "End point for Shared product search"
			},
			"response": []
		},
		{
			"name": "General Product Search",
			"request": {
				"method": "POST",
				"header": [
					{
						"key": "Content-Type",
						"value": "application/json",
						"type": "text"
					},
					{
						"key": "tngjwttoken",
						"value": "{{JWTToken}}",
						"type": "text"
					}
				],
				"body": {
					"mode": "raw",
					"raw": "{\n\t\"pageNumber\":\"1\",\n\t\"pageLimit\":\"12\",\n\t\"marketplaceSearchType\":\"2\",\n\t\"marketplaceKey\":\"US\",\n\t\"resellerKey\":\"techdata\",\n\t\"SearchKeyword\":\"\",\n\t\"IsPreviouslyPurchasedFilter\":true\n}",
					"options": {
						"raw": {
							"language": "json"
						}
					}
				},
				"url": {
					"raw": "{{Domain Address}}/api/Product/getmarketplaceobjects/1/12/2/US/techdata",
					"host": [
						"{{Domain Address}}"
					],
					"path": [
						"api",
						"Product",
						"getmarketplaceobjects",
						"1",
						"12",
						"2",
						"US",
						"techdata"
					]
				},
				"description": "End point for general Product search"
			},
			"response": []
		},
		{
			"name": "Solr end point : MyProducts ",
			"request": {
				"auth": {
					"type": "basic",
					"basic": [
						{
							"key": "password",
							"value": "SolrRocks",
							"type": "string"
						},
						{
							"key": "username",
							"value": "solr",
							"type": "string"
						}
					]
				},
				"method": "GET",
				"header": [],
				"url": {
					"raw": "http://{{SolrDomain}}/solr/productnested/select?fl=%2A%2C%20%5Blimit%3D100%20child%20parentFilter%3D%22ContentType%3A%20product%22%20childFilter%3D%22ContentType%3A%20program%20OR%20%21ParentId%3ANULL%20AND%20ProgramToProductIsDeleted%3A%20false%20AND%20ProgramToProductIsDisabled%3A%20false%22%5D&fq=%7B%21parent%20which%3DContentType%3Aproduct%7D&q=OwnerProfileId%3A201%20AND%20%28Name%3A%22{{Solr:Searchtext}}%22%20OR%20ShortDescription%3A%22{{Solr:Searchtext}}%22%20OR%20FullDescription%3A%22{{Solr:Searchtext}}%22%29&rows=1000000",
					"protocol": "http",
					"host": [
						"{{SolrDomain}}"
					],
					"path": [
						"solr",
						"productnested",
						"select"
					],
					"query": [
						{
							"key": "fl",
							"value": "%2A%2C%20%5Blimit%3D100%20child%20parentFilter%3D%22ContentType%3A%20product%22%20childFilter%3D%22ContentType%3A%20program%20OR%20%21ParentId%3ANULL%20AND%20ProgramToProductIsDeleted%3A%20false%20AND%20ProgramToProductIsDisabled%3A%20false%22%5D"
						},
						{
							"key": "fq",
							"value": "%7B%21parent%20which%3DContentType%3Aproduct%7D"
						},
						{
							"key": "q",
							"value": "OwnerProfileId%3A201%20AND%20%28Name%3A%22{{Solr:Searchtext}}%22%20OR%20ShortDescription%3A%22{{Solr:Searchtext}}%22%20OR%20FullDescription%3A%22{{Solr:Searchtext}}%22%29"
						},
						{
							"key": "rows",
							"value": "1000000"
						}
					]
				}
			},
			"response": []
		},
		{
			"name": "Solr end point : SharedProducts",
			"request": {
				"auth": {
					"type": "basic",
					"basic": [
						{
							"key": "password",
							"value": "SolrRocks",
							"type": "string"
						},
						{
							"key": "username",
							"value": "solr",
							"type": "string"
						}
					]
				},
				"method": "GET",
				"header": [],
				"url": {
					"raw": "http://{{SolrDomain}}/solr/productnested/select?fl=%2A%2C%20%5Blimit%3D100%20child%20parentFilter%3D%22ContentType%3Aproduct%22%20childFilter%3D%22ContentType%3A%20program%20AND%20%28%28%28ProgramProfileId%3A%20201%20AND%20ProgramApplicationStatus%3A%203%29%20AND%20-%28ProgramOwnerProfileId%3A201%20AND%20PermissionToAddProduct%3A1%29%29%20OR%28ProgramOwnerProfileId%3A%20201%20AND%20PermissionToAddProduct%3A%202%29%29%22%5D&fq=%7B%21parent%20which%3DContentType%3Aproduct%7D%20%28%28ProgramProfileId%3A%20201%20AND%20ProgramApplicationStatus%3A%203%29%20AND%20-%28ProgramOwnerProfileId%3A201%20AND%20PermissionToAddProduct%3A1%29%29%20OR%28ProgramOwnerProfileId%3A%20201%20AND%20PermissionToAddProduct%3A%202%29&q=%21OwnerProfileId%3A201%2A%20AND%20%21ProductStatus%3A0%2A%20AND%20%28Name%3A%22{{Solr:Searchtext}}%22%20OR%20ShortDescription%3A%22{{Solr:Searchtext}}%22%20OR%20FullDescription%3A%22{{Solr:Searchtext}}%22%29&rows=1000000",
					"protocol": "http",
					"host": [
						"{{SolrDomain}}"
					],
					"path": [
						"solr",
						"productnested",
						"select"
					],
					"query": [
						{
							"key": "fl",
							"value": "%2A%2C%20%5Blimit%3D100%20child%20parentFilter%3D%22ContentType%3Aproduct%22%20childFilter%3D%22ContentType%3A%20program%20AND%20%28%28%28ProgramProfileId%3A%20201%20AND%20ProgramApplicationStatus%3A%203%29%20AND%20-%28ProgramOwnerProfileId%3A201%20AND%20PermissionToAddProduct%3A1%29%29%20OR%28ProgramOwnerProfileId%3A%20201%20AND%20PermissionToAddProduct%3A%202%29%29%22%5D"
						},
						{
							"key": "fq",
							"value": "%7B%21parent%20which%3DContentType%3Aproduct%7D%20%28%28ProgramProfileId%3A%20201%20AND%20ProgramApplicationStatus%3A%203%29%20AND%20-%28ProgramOwnerProfileId%3A201%20AND%20PermissionToAddProduct%3A1%29%29%20OR%28ProgramOwnerProfileId%3A%20201%20AND%20PermissionToAddProduct%3A%202%29"
						},
						{
							"key": "q",
							"value": "%21OwnerProfileId%3A201%2A%20AND%20%21ProductStatus%3A0%2A%20AND%20%28Name%3A%22{{Solr:Searchtext}}%22%20OR%20ShortDescription%3A%22{{Solr:Searchtext}}%22%20OR%20FullDescription%3A%22{{Solr:Searchtext}}%22%29"
						},
						{
							"key": "rows",
							"value": "1000000"
						}
					]
				}
			},
			"response": []
		},
		{
			"name": "Solr end point : General Product",
			"request": {
				"auth": {
					"type": "basic",
					"basic": [
						{
							"key": "password",
							"value": "SolrRocks",
							"type": "string"
						},
						{
							"key": "username",
							"value": "solr",
							"type": "string"
						}
					]
				},
				"method": "GET",
				"header": [],
				"url": {
					"raw": "http://{{SolrDomain}}/solr/productnested/select?fl=%2A%2C%20%5Blimit%3D100%20child%20parentFilter%3D%22ContentType%3A%20product%22%20childFilter%3D%22ContentType%3A%20program%20AND%20ProgramStatus%3A%201%20AND%20MarketplaceKey%3AUS%20AND%20ProgramIsDeleted%3A%20false%20AND%20ProgramIsDisabled%3A%20false%20AND%20ProgramToProductIsDeleted%3Afalse%20AND%20ProgramToProductIsDisabled%3Afalse%20AND%20%28ProgramVisibility%3A%201%20OR%28%28ApplicationStatus%3A%201%20OR%20ApplicationStatus%3A%202%20OR%20ApplicationStatus%3A%203%29%20AND%20ProgramVProfileId%3A1%29%29%22%5D&fq=%7B%21parent%20which%3DContentType%3Aproduct%7D%20ProgramStatus%3A1%20AND%20MarketplaceKey%3AUS%20AND%20ProgramIsDeleted%3Afalse%20AND%20ProgramIsDisabled%3Afalse%20AND%20ProgramToProductIsDeleted%3Afalse%20AND%20ProgramToProductIsDisabled%3Afalse%20AND%20%28ProgramVisibility%3A%201%20OR%28%28ApplicationStatus%3A%201%20OR%20ApplicationStatus%3A%202%20OR%20ApplicationStatus%3A%203%29%20AND%20ProgramVProfileId%3A1%29%29&q=ProductStatus%3A1%20AND%20ProductMarketplaceKey%3AUS%20AND%20ProductIsDeleted%3Afalse%20AND%20ProductIsDisabled%3Afalse%20AND%20%28Name%3A%22{{Solr:Searchtext}}%22%20OR%20Id%3A{{Solr:Searchtext}}%20OR%20SearchKeywords%3A%22{{Solr:Searchtext}}%22%20OR%20PlanKey%3A{{Solr:Searchtext}}%29&rows=200&start=0",
					"protocol": "http",
					"host": [
						"{{SolrDomain}}"
					],
					"path": [
						"solr",
						"productnested",
						"select"
					],
					"query": [
						{
							"key": "fl",
							"value": "%2A%2C%20%5Blimit%3D100%20child%20parentFilter%3D%22ContentType%3A%20product%22%20childFilter%3D%22ContentType%3A%20program%20AND%20ProgramStatus%3A%201%20AND%20MarketplaceKey%3AUS%20AND%20ProgramIsDeleted%3A%20false%20AND%20ProgramIsDisabled%3A%20false%20AND%20ProgramToProductIsDeleted%3Afalse%20AND%20ProgramToProductIsDisabled%3Afalse%20AND%20%28ProgramVisibility%3A%201%20OR%28%28ApplicationStatus%3A%201%20OR%20ApplicationStatus%3A%202%20OR%20ApplicationStatus%3A%203%29%20AND%20ProgramVProfileId%3A1%29%29%22%5D"
						},
						{
							"key": "fq",
							"value": "%7B%21parent%20which%3DContentType%3Aproduct%7D%20ProgramStatus%3A1%20AND%20MarketplaceKey%3AUS%20AND%20ProgramIsDeleted%3Afalse%20AND%20ProgramIsDisabled%3Afalse%20AND%20ProgramToProductIsDeleted%3Afalse%20AND%20ProgramToProductIsDisabled%3Afalse%20AND%20%28ProgramVisibility%3A%201%20OR%28%28ApplicationStatus%3A%201%20OR%20ApplicationStatus%3A%202%20OR%20ApplicationStatus%3A%203%29%20AND%20ProgramVProfileId%3A1%29%29"
						},
						{
							"key": "q",
							"value": "ProductStatus%3A1%20AND%20ProductMarketplaceKey%3AUS%20AND%20ProductIsDeleted%3Afalse%20AND%20ProductIsDisabled%3Afalse%20AND%20%28Name%3A%22{{Solr:Searchtext}}%22%20OR%20Id%3A{{Solr:Searchtext}}%20OR%20SearchKeywords%3A%22{{Solr:Searchtext}}%22%20OR%20PlanKey%3A{{Solr:Searchtext}}%29"
						},
						{
							"key": "rows",
							"value": "200"
						},
						{
							"key": "start",
							"value": "0"
						}
					]
				}
			},
			"response": []
		},
		{
			"name": "General Product Search-Filter:Authorization",
			"request": {
				"method": "POST",
				"header": [
					{
						"key": "Content-Type",
						"value": "application/json",
						"type": "text"
					},
					{
						"key": "tngjwttoken",
						"value": "{{JWTToken}}",
						"type": "text",
						"disabled": true
					}
				],
				"body": {
					"mode": "raw",
					"raw": "{\n    \"SearchKeyword\": \"\",\n    \"ProductSortingType\": 4,\n    \"ProgramApplicationStatus\": [\n        \"2\"\n    ],\n    \"CategoryKeys\": [],\n    \"ProductTypes\": [],\n    \"PricingType\": [],\n    \"IsPreviouslyPurchasedFilter\": false\n}",
					"options": {
						"raw": {
							"language": "json"
						}
					}
				},
				"url": {
					"raw": "{{Domain Address}}/api/Product/getmarketplaceobjects/1/12/2/US/",
					"host": [
						"{{Domain Address}}"
					],
					"path": [
						"api",
						"Product",
						"getmarketplaceobjects",
						"1",
						"12",
						"2",
						"US",
						""
					]
				},
				"description": "General Product Search-Filter:Authorization"
			},
			"response": []
		}
	],
	"protocolProfileBehavior": {}
}